id,name,cert_id
1,encrypt0r,2022/ACT/ugmGHN788GIf
2,odin,2022/ACT/EOue31frExTD
3,wahyu,2022/ACT/UqfL0R36M6cf
4,ryuji,2022/ACT/nGqp98haTBeO
5,heker,2022/ACT/UqfL0R36M6cf
6,kobo,2022/ACT/EOue31frExTD
7,moona,2022/ACT/UqfL0R36M6cf
8,risu,2022/ACT/nGqp98haTBeO
9,anya,2022/ACT/ugmGHN788GIf
10,Muhammad Wahyu Syafi'uddin,2022/ACT/EOue31frExTD
11,Loid Forger,2022/ACT/UqfL0R36M6cf
12,Yor Briar,2022/ACT/nGqp98haTBeO
13,Hoshinova Moona,2022/ACT/EOue31frExTD
14,Gawr Gura,2022/ACT/UqfL0R36M6cf
15,Ina'nis,2022/ACT/nGqp98haTBeO
16,"nama yang sangat panjang, saking panjangnya cuman di limit sampe 40 kata aja",2022/ACT/ugmGHN788GIf
17,"nama yang sangat panjang, ini cuman test",2022/ACT/nGqp98haTBeO
